condition,label,epoch,successes,total,stated_pct,metric,pose_set,note,variant0,variant1,variant2,grasp_ge1_pct
baseline_pos13,Baseline: point cloud + joint pos (13-d),10,160,300,53.3,overall,sobol_pos010,,,,,
baseline_pos13,Baseline: point cloud + joint pos (13-d),50,208,300,69.3,overall,sobol_pos010,,,,,
baseline_pos13,Baseline: point cloud + joint pos (13-d),90,209,300,69.7,overall,sobol_pos010,,,,,
baseline_pos13,Baseline: point cloud + joint pos (13-d),110,210,300,70.0,overall,sobol_pos010,,,,,
baseline_pos13,Baseline: point cloud + joint pos (13-d),120,206,300,68.7,overall,sobol_pos010,,,,,
baseline_pos13,Baseline: point cloud + joint pos (13-d),150,211,300,70.3,overall,sobol_pos010,,,,,
baseline_pos13,Baseline: point cloud + joint pos (13-d),200,205,300,68.3,overall,sobol_pos010,,,,,
cam1_2048_force,+ robot-FK cloud + raw torque (26-d),10,148,300,49.3,overall,sobol_pos010,,,,,
cam1_2048_force,+ robot-FK cloud + raw torque (26-d),50,198,300,66.0,overall,sobol_pos010,,,,,
cam1_2048_force,+ robot-FK cloud + raw torque (26-d),100,222,300,74.0,overall,sobol_pos010,,,,,
cam1_2048_force,+ robot-FK cloud + raw torque (26-d),120,210,300,70.0,overall,sobol_pos010,,,,,
cam1_2048_force,+ robot-FK cloud + raw torque (26-d),150,223,300,74.3,overall,sobol_pos010,,,,,
cam1_2048_force,+ robot-FK cloud + raw torque (26-d),200,218,300,72.7,overall,sobol_pos010,,,,,
gate_eq1_auxoff,"Contact gate Eq.1 (global, feature), no aux",10,187,300,62.3,overall,sobol_pos010,,,,,
gate_eq1_auxoff,"Contact gate Eq.1 (global, feature), no aux",50,224,300,74.7,grasp_ge1,sobol_pos010,,,,,
gate_eq1_auxoff,"Contact gate Eq.1 (global, feature), no aux",100,235,300,78.3,grasp_ge1,sobol_pos010,,,,,
gate_eq1_auxoff,"Contact gate Eq.1 (global, feature), no aux",130,214,300,71.3,grasp_ge1,sobol_pos010,,,,,
gate_eq1_auxoff,"Contact gate Eq.1 (global, feature), no aux",150,231,300,77.0,grasp_ge1,sobol_pos010,,,,,
gate_eq1_auxoff,"Contact gate Eq.1 (global, feature), no aux",160,228,300,76.0,grasp_ge1,sobol_pos010,,,,,
gate_eq1_auxoff,"Contact gate Eq.1 (global, feature), no aux",200,220,300,73.3,grasp_ge1,sobol_pos010,,,,,
gate_eq1_auxon,Contact gate Eq.1 + auxiliary torque prediction,10,209,300,69.7,grasp_ge1,sobol_pos010,,,,,
gate_eq1_auxon,Contact gate Eq.1 + auxiliary torque prediction,50,219,300,73.0,grasp_ge1,sobol_pos010,,,,,
gate_eq1_auxon,Contact gate Eq.1 + auxiliary torque prediction,100,228,300,76.0,grasp_ge1,sobol_pos010,,,,,
gate_eq1_auxon,Contact gate Eq.1 + auxiliary torque prediction,120,232,300,77.3,grasp_ge1,sobol_pos010,,,,,
gate_eq1_auxon,Contact gate Eq.1 + auxiliary torque prediction,150,238,300,79.3,grasp_ge1,sobol_pos010,,,,,
gate_eq1_auxon,Contact gate Eq.1 + auxiliary torque prediction,180,239,300,79.7,grasp_ge1,sobol_pos010,,,,,
gate_eq1_auxon,Contact gate Eq.1 + auxiliary torque prediction,200,230,300,76.7,grasp_ge1,sobol_pos010,,,,,
gate_hard_pnorm,Contact gate: hard label + percentile norm,100,212,300,70.7,overall,sobol_pos010,,,,,
gate_hard_pnorm,Contact gate: hard label + percentile norm,150,230,300,76.7,grasp_ge1,sobol_pos010,,,,,
torque_obj_only,Torque as auxiliary objective only,10,190,300,63.3,overall,finalstage1_teacher,different (easier) pose set,,,,
torque_obj_only,Torque as auxiliary objective only,50,206,300,68.7,overall,finalstage1_teacher,different (easier) pose set,,,,
torque_obj_only,Torque as auxiliary objective only,90,200,300,66.7,overall,finalstage1_teacher,different (easier) pose set,,,,
torque_obj_only,Torque as auxiliary objective only,100,205,300,68.3,overall,finalstage1_teacher,different (easier) pose set,,,,
torque_obj_only,Torque as auxiliary objective only,110,209,300,69.7,overall,finalstage1_teacher,different (easier) pose set,,,,
torque_obj_only,Torque as auxiliary objective only,120,200,300,66.7,overall,finalstage1_teacher,different (easier) pose set,,,,
torque_obj_only,Torque as auxiliary objective only,150,201,300,67.0,overall,finalstage1_teacher,different (easier) pose set,,,,
torque_obj_only,Torque as auxiliary objective only,180,209,300,69.7,overall,finalstage1_teacher,different (easier) pose set,,,,
torque_obj_only,Torque as auxiliary objective only,200,195,300,65.0,overall,finalstage1_teacher,different (easier) pose set,,,,
